{
  "images" : [
    {
      "idiom" : "universal",
      "filename" : "ic_share_white_2x-20.png",
      "scale" : "1x"
    },
    {
      "idiom" : "universal",
      "filename" : "ic_share_white_2x-20@2x.png",
      "scale" : "2x"
    },
    {
      "idiom" : "universal",
      "filename" : "ic_share_white_2x-20@3x.png",
      "scale" : "3x"
    },
    {
      "idiom" : "iphone",
      "filename" : "ic_share_white_2x-40.png",
      "scale" : "1x"
    },
    {
      "idiom" : "iphone",
      "filename" : "ic_share_white_2x-40@2x.png",
      "scale" : "2x"
    },
    {
      "idiom" : "iphone",
      "filename" : "ic_share_white_2x-40@3x.png",
      "scale" : "3x"
    },
    {
      "idiom" : "ipad",
      "filename" : "ic_share_white_2x-30.png",
      "scale" : "1x"
    },
    {
      "idiom" : "ipad",
      "filename" : "ic_share_white_2x-29@2x-1.png",
      "scale" : "2x"
    }
  ],
  "info" : {
    "version" : 1,
    "author" : "xcode"
  }
}